"HtmlFile","Reference","DestinationExpectedPath","DestinationRelativePath","SourceExpectedPath","SourceExists"
"Sketches\brains\index.html","../../images/Sketches/brains/Ron","D:\github\ron-english-sketches-mythic-dark\images\Sketches\brains\Ron","images\Sketches\brains\Ron","D:\github\ron-english-sketches-and-drawings\images\Sketches\brains\Ron","False"
"Sketches\brains\rons-brain\index.html","../../../images/Sketches/brains/Ron","D:\github\ron-english-sketches-mythic-dark\images\Sketches\brains\Ron","images\Sketches\brains\Ron","D:\github\ron-english-sketches-and-drawings\images\Sketches\brains\Ron","False"
"Sketches\kaijus\index.html","../../images/Sketches/Kaijus/Cluckin","D:\github\ron-english-sketches-mythic-dark\images\Sketches\Kaijus\Cluckin","images\Sketches\Kaijus\Cluckin","D:\github\ron-english-sketches-and-drawings\images\Sketches\Kaijus\Cluckin","False"
"Sketches\kaijus\index.html","../../images/Sketches/Kaijus/P","D:\github\ron-english-sketches-mythic-dark\images\Sketches\Kaijus\P","images\Sketches\Kaijus\P","D:\github\ron-english-sketches-and-drawings\images\Sketches\Kaijus\P","False"
"Sketches\kaijus\index.html","../../images/Sketches/Kaijus/Weepee","D:\github\ron-english-sketches-mythic-dark\images\Sketches\Kaijus\Weepee","images\Sketches\Kaijus\Weepee","D:\github\ron-english-sketches-and-drawings\images\Sketches\Kaijus\Weepee","False"
"Sketches\kaijus\cluckin-bell\index.html","../../../images/Sketches/Kaijus/Cluckin","D:\github\ron-english-sketches-mythic-dark\images\Sketches\Kaijus\Cluckin","images\Sketches\Kaijus\Cluckin","D:\github\ron-english-sketches-and-drawings\images\Sketches\Kaijus\Cluckin","False"
"Sketches\kaijus\ps-and-qs\index.html","../../../images/Sketches/Kaijus/P","D:\github\ron-english-sketches-mythic-dark\images\Sketches\Kaijus\P","images\Sketches\Kaijus\P","D:\github\ron-english-sketches-and-drawings\images\Sketches\Kaijus\P","False"
"Sketches\kaijus\weepees-liquid-lemon\index.html","../../../images/Sketches/Kaijus/Weepee","D:\github\ron-english-sketches-mythic-dark\images\Sketches\Kaijus\Weepee","images\Sketches\Kaijus\Weepee","D:\github\ron-english-sketches-and-drawings\images\Sketches\Kaijus\Weepee","False"
"Sketches\kursed\index.html","../../images/Sketches/Kursed/Ben","D:\github\ron-english-sketches-mythic-dark\images\Sketches\Kursed\Ben","images\Sketches\Kursed\Ben","D:\github\ron-english-sketches-and-drawings\images\Sketches\Kursed\Ben","False"
"Sketches\kursed\ben-banger\index.html","../../../images/Sketches/Kursed/Kursed Kids Ben Banger B&amp;W.jpg","D:\github\ron-english-sketches-mythic-dark\images\Sketches\Kursed\Kursed Kids Ben Banger B&amp;W.jpg","images\Sketches\Kursed\Kursed Kids Ben Banger B&amp;W.jpg","D:\github\ron-english-sketches-and-drawings\images\Sketches\Kursed\Kursed Kids Ben Banger B&amp;W.jpg","False"
"Sketches\kursed\bens-beans-0\index.html","../../../images/Sketches/Kursed/Ben","D:\github\ron-english-sketches-mythic-dark\images\Sketches\Kursed\Ben","images\Sketches\Kursed\Ben","D:\github\ron-english-sketches-and-drawings\images\Sketches\Kursed\Ben","False"
"Sketches\kursed\brandon-edgewater\index.html","../../../images/Sketches/Kursed/Brandon Edgewater B&amp;W.jpg","D:\github\ron-english-sketches-mythic-dark\images\Sketches\Kursed\Brandon Edgewater B&amp;W.jpg","images\Sketches\Kursed\Brandon Edgewater B&amp;W.jpg","D:\github\ron-english-sketches-and-drawings\images\Sketches\Kursed\Brandon Edgewater B&amp;W.jpg","False"
"Sketches\kursed\brandon-edgewater\index.html","../../../images/Sketches/Kursed/Brandon Edgewater face B&amp;W.jpg","D:\github\ron-english-sketches-mythic-dark\images\Sketches\Kursed\Brandon Edgewater face B&amp;W.jpg","images\Sketches\Kursed\Brandon Edgewater face B&amp;W.jpg","D:\github\ron-english-sketches-and-drawings\images\Sketches\Kursed\Brandon Edgewater face B&amp;W.jpg","False"
"Sketches\kursed\brandon-edgewater\index.html","../../../images/Sketches/Kursed/Brandon Edgewater in Car B&amp;W.jpg","D:\github\ron-english-sketches-mythic-dark\images\Sketches\Kursed\Brandon Edgewater in Car B&amp;W.jpg","images\Sketches\Kursed\Brandon Edgewater in Car B&amp;W.jpg","D:\github\ron-english-sketches-and-drawings\images\Sketches\Kursed\Brandon Edgewater in Car B&amp;W.jpg","False"
"Sketches\kursed\brandon-edgewater\index.html","../../../images/Sketches/Kursed/Brandon Edgewater in Jaguar B&amp;W.jpg","D:\github\ron-english-sketches-mythic-dark\images\Sketches\Kursed\Brandon Edgewater in Jaguar B&amp;W.jpg","images\Sketches\Kursed\Brandon Edgewater in Jaguar B&amp;W.jpg","D:\github\ron-english-sketches-and-drawings\images\Sketches\Kursed\Brandon Edgewater in Jaguar B&amp;W.jpg","False"
"Sketches\kursed\brandon-edgewater\index.html","../../../images/Sketches/Kursed/Brandon Edgewater With Baby B&amp;W.jpg","D:\github\ron-english-sketches-mythic-dark\images\Sketches\Kursed\Brandon Edgewater With Baby B&amp;W.jpg","images\Sketches\Kursed\Brandon Edgewater With Baby B&amp;W.jpg","D:\github\ron-english-sketches-and-drawings\images\Sketches\Kursed\Brandon Edgewater With Baby B&amp;W.jpg","False"
"Sketches\kursed\kursed-kids-yin-yang\index.html","../../../images/Sketches/Kursed/Kursed Kids Yin Yang B&amp;W.jpg","D:\github\ron-english-sketches-mythic-dark\images\Sketches\Kursed\Kursed Kids Yin Yang B&amp;W.jpg","images\Sketches\Kursed\Kursed Kids Yin Yang B&amp;W.jpg","D:\github\ron-english-sketches-and-drawings\images\Sketches\Kursed\Kursed Kids Yin Yang B&amp;W.jpg","False"
"Sketches\kursed\kursed-kids-zephyr\index.html","../../../images/Sketches/Kursed/Kursed Kids Zephyr B&amp;W.jpg","D:\github\ron-english-sketches-mythic-dark\images\Sketches\Kursed\Kursed Kids Zephyr B&amp;W.jpg","images\Sketches\Kursed\Kursed Kids Zephyr B&amp;W.jpg","D:\github\ron-english-sketches-and-drawings\images\Sketches\Kursed\Kursed Kids Zephyr B&amp;W.jpg","False"
"Sketches\mythical-beings\index.html","../../images/Sketches/Mythical%20Beings/Frankenstein","D:\github\ron-english-sketches-mythic-dark\images\Sketches\Mythical Beings\Frankenstein","images\Sketches\Mythical Beings\Frankenstein","D:\github\ron-english-sketches-and-drawings\images\Sketches\Mythical Beings\Frankenstein","False"
"Sketches\mythical-beings\frankensteins-monster\young-frankenstein\index.html","../../../../images/Sketches/Mythical%20Beings/Frankenstein","D:\github\ron-english-sketches-mythic-dark\images\Sketches\Mythical Beings\Frankenstein","images\Sketches\Mythical Beings\Frankenstein","D:\github\ron-english-sketches-and-drawings\images\Sketches\Mythical Beings\Frankenstein","False"
"Sketches\skeletons\index.html","../../images/Sketches/Skeletons/Mind","D:\github\ron-english-sketches-mythic-dark\images\Sketches\Skeletons\Mind","images\Sketches\Skeletons\Mind","D:\github\ron-english-sketches-and-drawings\images\Sketches\Skeletons\Mind","False"
"Sketches\skeletons\minds-eye\index.html","../../../images/Sketches/Skeletons/Mind","D:\github\ron-english-sketches-mythic-dark\images\Sketches\Skeletons\Mind","images\Sketches\Skeletons\Mind","D:\github\ron-english-sketches-and-drawings\images\Sketches\Skeletons\Mind","False"
"Sketches\tots\index.html","../../images/Sketches/Tots/Li","D:\github\ron-english-sketches-mythic-dark\images\Sketches\Tots\Li","images\Sketches\Tots\Li","D:\github\ron-english-sketches-and-drawings\images\Sketches\Tots\Li","False"
"Sketches\tots\lil-tot\index.html","../../../images/Sketches/Tots/Li","D:\github\ron-english-sketches-mythic-dark\images\Sketches\Tots\Li","images\Sketches\Tots\Li","D:\github\ron-english-sketches-and-drawings\images\Sketches\Tots\Li","False"
